number,group,explode_layer,parent,material,name
10,紧固件,hip_dual_left,left_hip_roll_link,ATRI_fastener,adapter-output-screw-left-0
10,紧固件,hip_dual_left,left_hip_roll_link,ATRI_fastener,adapter-output-screw-left-1
10,紧固件,hip_dual_left,left_hip_roll_link,ATRI_fastener,adapter-output-screw-left-2
10,紧固件,hip_dual_left,left_hip_roll_link,ATRI_fastener,adapter-output-screw-left-3
10,紧固件,hip_dual_right,right_hip_roll_link,ATRI_fastener,adapter-output-screw-right-0
10,紧固件,hip_dual_right,right_hip_roll_link,ATRI_fastener,adapter-output-screw-right-1
10,紧固件,hip_dual_right,right_hip_roll_link,ATRI_fastener,adapter-output-screw-right-2
10,紧固件,hip_dual_right,right_hip_roll_link,ATRI_fastener,adapter-output-screw-right-3
10,紧固件,waist_dual,trunk_roll_link,ATRI_fastener,adapter-output-screw-trunk-0
10,紧固件,waist_dual,trunk_roll_link,ATRI_fastener,adapter-output-screw-trunk-1
10,紧固件,waist_dual,trunk_roll_link,ATRI_fastener,adapter-output-screw-trunk-2
10,紧固件,waist_dual,trunk_roll_link,ATRI_fastener,adapter-output-screw-trunk-3
6,手臂,arm_left,left_hand,ATRI_al,arm-left-fore-angle
10,紧固件,arm_left,left_hand,ATRI_fastener,arm-left-fore-output-bolt--4.95--4.95
10,紧固件,arm_left,left_hand,ATRI_fastener,arm-left-fore-output-bolt--4.95-4.95
10,紧固件,arm_left,left_hand,ATRI_fastener,arm-left-fore-output-bolt-4.95--4.95
10,紧固件,arm_left,left_hand,ATRI_fastener,arm-left-fore-output-bolt-4.95-4.95
6,手臂,arm_left,left_hand,ATRI_al,arm-left-fore-output-spacer--4.95--4.95-0
6,手臂,arm_left,left_hand,ATRI_al,arm-left-fore-output-spacer--4.95--4.95-1
6,手臂,arm_left,left_hand,ATRI_al,arm-left-fore-output-spacer--4.95-4.95-0
6,手臂,arm_left,left_hand,ATRI_al,arm-left-fore-output-spacer--4.95-4.95-1
6,手臂,arm_left,left_hand,ATRI_al,arm-left-fore-output-spacer-4.95--4.95-0
6,手臂,arm_left,left_hand,ATRI_al,arm-left-fore-output-spacer-4.95--4.95-1
6,手臂,arm_left,left_hand,ATRI_al,arm-left-fore-output-spacer-4.95-4.95-0
6,手臂,arm_left,left_hand,ATRI_al,arm-left-fore-output-spacer-4.95-4.95-1
10,紧固件,gripper_left,left_hand,ATRI_fastener,arm-left-gripper-fixed-aux-nut
10,紧固件,gripper_left,left_hand,ATRI_fastener,arm-left-gripper-fixed-bolt--15.0
10,紧固件,gripper_left,left_hand,ATRI_fastener,arm-left-gripper-fixed-bolt--36.0
7,夹爪,gripper_left,left_hand,ATRI_al,arm-left-gripper-fixed-finger
7,夹爪,gripper_left,left_hand,ATRI_tpu,arm-left-gripper-fixed-pad
7,夹爪,gripper_left,left_hand,ATRI_al,arm-left-gripper-fixed-spacer--15.0
7,夹爪,gripper_left,left_hand,ATRI_al,arm-left-gripper-fixed-spacer--36.0
10,紧固件,gripper_left,left_grip,ATRI_fastener,arm-left-gripper-moving-bolt--4.95--4.95
10,紧固件,gripper_left,left_grip,ATRI_fastener,arm-left-gripper-moving-bolt--4.95-4.95
10,紧固件,gripper_left,left_grip,ATRI_fastener,arm-left-gripper-moving-bolt-4.95--4.95
10,紧固件,gripper_left,left_grip,ATRI_fastener,arm-left-gripper-moving-bolt-4.95-4.95
7,夹爪,gripper_left,left_grip,ATRI_al,arm-left-gripper-moving-finger
7,夹爪,gripper_left,left_grip,ATRI_tpu,arm-left-gripper-moving-pad
7,夹爪,gripper_left,left_grip,ATRI_al,arm-left-gripper-moving-spacer--4.95--4.95-0
10,紧固件,gripper_left,left_grip,ATRI_fastener,arm-left-gripper-moving-spacer--4.95--4.95-1
7,夹爪,gripper_left,left_grip,ATRI_al,arm-left-gripper-moving-spacer--4.95-4.95-0
10,紧固件,gripper_left,left_grip,ATRI_fastener,arm-left-gripper-moving-spacer--4.95-4.95-1
7,夹爪,gripper_left,left_grip,ATRI_al,arm-left-gripper-moving-spacer-4.95--4.95-0
10,紧固件,gripper_left,left_grip,ATRI_fastener,arm-left-gripper-moving-spacer-4.95--4.95-1
7,夹爪,gripper_left,left_grip,ATRI_al,arm-left-gripper-moving-spacer-4.95-4.95-0
10,紧固件,gripper_left,left_grip,ATRI_fastener,arm-left-gripper-moving-spacer-4.95-4.95-1
7,夹爪,gripper_left,left_hand,ATRI_al,arm-left-gripper-pad-support-0
7,夹爪,gripper_left,left_hand,ATRI_al,arm-left-gripper-pad-support-1
10,紧固件,gripper_left,left_hand,ATRI_fastener,arm-left-gripper-pad-support-bolt-0
10,紧固件,gripper_left,left_hand,ATRI_fastener,arm-left-gripper-pad-support-bolt-1
10,紧固件,gripper_left,left_hand,ATRI_fastener,arm-left-gripper-pad-support-nut-0
10,紧固件,gripper_left,left_hand,ATRI_fastener,arm-left-gripper-pad-support-nut-1
6,手臂,arm_left,left_upper,ATRI_al,arm-left-shoulder-angle
10,紧固件,arm_left,left_upper,ATRI_fastener,arm-left-shoulder-output-bolt--4.95--4.95
10,紧固件,arm_left,left_upper,ATRI_fastener,arm-left-shoulder-output-bolt--4.95-4.95
10,紧固件,arm_left,left_upper,ATRI_fastener,arm-left-shoulder-output-bolt-4.95--4.95
10,紧固件,arm_left,left_upper,ATRI_fastener,arm-left-shoulder-output-bolt-4.95-4.95
6,手臂,arm_left,left_upper,ATRI_al,arm-left-shoulder-output-spacer--4.95--4.95-0
6,手臂,arm_left,left_upper,ATRI_al,arm-left-shoulder-output-spacer--4.95-4.95-0
6,手臂,arm_left,left_upper,ATRI_al,arm-left-shoulder-output-spacer-4.95--4.95-0
6,手臂,arm_left,left_upper,ATRI_al,arm-left-shoulder-output-spacer-4.95-4.95-0
6,手臂,arm_left,left_fore,ATRI_al,arm-left-upper-angle
10,紧固件,arm_left,left_fore,ATRI_fastener,arm-left-upper-output-bolt--4.95--4.95
10,紧固件,arm_left,left_fore,ATRI_fastener,arm-left-upper-output-bolt--4.95-4.95
10,紧固件,arm_left,left_fore,ATRI_fastener,arm-left-upper-output-bolt-4.95--4.95
10,紧固件,arm_left,left_fore,ATRI_fastener,arm-left-upper-output-bolt-4.95-4.95
6,手臂,arm_right,right_hand,ATRI_al,arm-right-fore-angle
10,紧固件,arm_right,right_hand,ATRI_fastener,arm-right-fore-output-bolt--4.95--4.95
10,紧固件,arm_right,right_hand,ATRI_fastener,arm-right-fore-output-bolt--4.95-4.95
10,紧固件,arm_right,right_hand,ATRI_fastener,arm-right-fore-output-bolt-4.95--4.95
10,紧固件,arm_right,right_hand,ATRI_fastener,arm-right-fore-output-bolt-4.95-4.95
6,手臂,arm_right,right_hand,ATRI_al,arm-right-fore-output-spacer--4.95--4.95-0
6,手臂,arm_right,right_hand,ATRI_al,arm-right-fore-output-spacer--4.95--4.95-1
6,手臂,arm_right,right_hand,ATRI_al,arm-right-fore-output-spacer--4.95-4.95-0
6,手臂,arm_right,right_hand,ATRI_al,arm-right-fore-output-spacer--4.95-4.95-1
6,手臂,arm_right,right_hand,ATRI_al,arm-right-fore-output-spacer-4.95--4.95-0
6,手臂,arm_right,right_hand,ATRI_al,arm-right-fore-output-spacer-4.95--4.95-1
6,手臂,arm_right,right_hand,ATRI_al,arm-right-fore-output-spacer-4.95-4.95-0
6,手臂,arm_right,right_hand,ATRI_al,arm-right-fore-output-spacer-4.95-4.95-1
10,紧固件,gripper_right,right_hand,ATRI_fastener,arm-right-gripper-fixed-aux-nut
10,紧固件,gripper_right,right_hand,ATRI_fastener,arm-right-gripper-fixed-bolt--15.0
10,紧固件,gripper_right,right_hand,ATRI_fastener,arm-right-gripper-fixed-bolt--36.0
7,夹爪,gripper_right,right_hand,ATRI_al,arm-right-gripper-fixed-finger
7,夹爪,gripper_right,right_hand,ATRI_tpu,arm-right-gripper-fixed-pad
7,夹爪,gripper_right,right_hand,ATRI_al,arm-right-gripper-fixed-spacer--15.0
7,夹爪,gripper_right,right_hand,ATRI_al,arm-right-gripper-fixed-spacer--36.0
10,紧固件,gripper_right,right_grip,ATRI_fastener,arm-right-gripper-moving-bolt--4.95--4.95
10,紧固件,gripper_right,right_grip,ATRI_fastener,arm-right-gripper-moving-bolt--4.95-4.95
10,紧固件,gripper_right,right_grip,ATRI_fastener,arm-right-gripper-moving-bolt-4.95--4.95
10,紧固件,gripper_right,right_grip,ATRI_fastener,arm-right-gripper-moving-bolt-4.95-4.95
7,夹爪,gripper_right,right_grip,ATRI_al,arm-right-gripper-moving-finger
7,夹爪,gripper_right,right_grip,ATRI_tpu,arm-right-gripper-moving-pad
7,夹爪,gripper_right,right_grip,ATRI_al,arm-right-gripper-moving-spacer--4.95--4.95-0
10,紧固件,gripper_right,right_grip,ATRI_fastener,arm-right-gripper-moving-spacer--4.95--4.95-1
7,夹爪,gripper_right,right_grip,ATRI_al,arm-right-gripper-moving-spacer--4.95-4.95-0
10,紧固件,gripper_right,right_grip,ATRI_fastener,arm-right-gripper-moving-spacer--4.95-4.95-1
7,夹爪,gripper_right,right_grip,ATRI_al,arm-right-gripper-moving-spacer-4.95--4.95-0
10,紧固件,gripper_right,right_grip,ATRI_fastener,arm-right-gripper-moving-spacer-4.95--4.95-1
7,夹爪,gripper_right,right_grip,ATRI_al,arm-right-gripper-moving-spacer-4.95-4.95-0
10,紧固件,gripper_right,right_grip,ATRI_fastener,arm-right-gripper-moving-spacer-4.95-4.95-1
7,夹爪,gripper_right,right_hand,ATRI_al,arm-right-gripper-pad-support-0
7,夹爪,gripper_right,right_hand,ATRI_al,arm-right-gripper-pad-support-1
10,紧固件,gripper_right,right_hand,ATRI_fastener,arm-right-gripper-pad-support-bolt-0
10,紧固件,gripper_right,right_hand,ATRI_fastener,arm-right-gripper-pad-support-bolt-1
10,紧固件,gripper_right,right_hand,ATRI_fastener,arm-right-gripper-pad-support-nut-0
10,紧固件,gripper_right,right_hand,ATRI_fastener,arm-right-gripper-pad-support-nut-1
6,手臂,arm_right,right_upper,ATRI_al,arm-right-shoulder-angle
10,紧固件,arm_right,right_upper,ATRI_fastener,arm-right-shoulder-output-bolt--4.95--4.95
10,紧固件,arm_right,right_upper,ATRI_fastener,arm-right-shoulder-output-bolt--4.95-4.95
10,紧固件,arm_right,right_upper,ATRI_fastener,arm-right-shoulder-output-bolt-4.95--4.95
10,紧固件,arm_right,right_upper,ATRI_fastener,arm-right-shoulder-output-bolt-4.95-4.95
6,手臂,arm_right,right_upper,ATRI_al,arm-right-shoulder-output-spacer--4.95--4.95-0
6,手臂,arm_right,right_upper,ATRI_al,arm-right-shoulder-output-spacer--4.95-4.95-0
6,手臂,arm_right,right_upper,ATRI_al,arm-right-shoulder-output-spacer-4.95--4.95-0
6,手臂,arm_right,right_upper,ATRI_al,arm-right-shoulder-output-spacer-4.95-4.95-0
6,手臂,arm_right,right_fore,ATRI_al,arm-right-upper-angle
10,紧固件,arm_right,right_fore,ATRI_fastener,arm-right-upper-output-bolt--4.95--4.95
10,紧固件,arm_right,right_fore,ATRI_fastener,arm-right-upper-output-bolt--4.95-4.95
10,紧固件,arm_right,right_fore,ATRI_fastener,arm-right-upper-output-bolt-4.95--4.95
10,紧固件,arm_right,right_fore,ATRI_fastener,arm-right-upper-output-bolt-4.95-4.95
9,电池,battery,torso,ATRI_elec,battery
10,紧固件,battery,torso,ATRI_fastener,battery-angle-bolt-left-0
10,紧固件,battery,torso,ATRI_fastener,battery-angle-bolt-left-1
10,紧固件,battery,torso,ATRI_fastener,battery-angle-bolt-right-0
10,紧固件,battery,torso,ATRI_fastener,battery-angle-bolt-right-1
9,电池,battery,torso,ATRI_al,battery-angle-left
10,紧固件,battery,torso,ATRI_fastener,battery-angle-nut-left-0
10,紧固件,battery,torso,ATRI_fastener,battery-angle-nut-left-1
10,紧固件,battery,torso,ATRI_fastener,battery-angle-nut-right-0
10,紧固件,battery,torso,ATRI_fastener,battery-angle-nut-right-1
9,电池,battery,torso,ATRI_al,battery-angle-right
9,电池,battery,torso,ATRI_strap,battery-strap-0
9,电池,battery,torso,ATRI_strap,battery-strap-1
9,电池,battery,torso,ATRI_al,battery-support-left
9,电池,battery,torso,ATRI_al,battery-support-right
9,电池,battery,torso,ATRI_al,battery-tray
10,紧固件,battery,torso,ATRI_fastener,battery-tray-bolt-left-0
10,紧固件,battery,torso,ATRI_fastener,battery-tray-bolt-left-1
10,紧固件,battery,torso,ATRI_fastener,battery-tray-bolt-right-0
10,紧固件,battery,torso,ATRI_fastener,battery-tray-bolt-right-1
10,紧固件,battery,torso,ATRI_fastener,battery-tray-nut-left-0
10,紧固件,battery,torso,ATRI_fastener,battery-tray-nut-left-1
10,紧固件,battery,torso,ATRI_fastener,battery-tray-nut-right-0
10,紧固件,battery,torso,ATRI_fastener,battery-tray-nut-right-1
8,电子件,electronics,torso,ATRI_pcb,bus-adapter-000
8,电子件,electronics,torso,ATRI_electronics_case,bus-adapter-001
8,电子件,electronics,torso,ATRI_electronics_case,bus-adapter-002
8,电子件,electronics,torso,ATRI_electronics_case,bus-adapter-003
8,电子件,electronics,torso,ATRI_electronics_case,bus-adapter-004
8,电子件,electronics,torso,ATRI_electronics_case,bus-adapter-005
8,电子件,electronics,torso,ATRI_electronics_case,bus-adapter-006
8,电子件,electronics,torso,ATRI_electronics_case,bus-adapter-007
8,电子件,electronics,torso,ATRI_electronics_case,bus-adapter-008
8,电子件,electronics,torso,ATRI_electronics_case,bus-adapter-009
8,电子件,electronics,torso,ATRI_electronics_case,bus-adapter-010
8,电子件,electronics,torso,ATRI_electronics_case,bus-adapter-011
8,电子件,electronics,torso,ATRI_electronics_case,bus-adapter-012
8,电子件,electronics,torso,ATRI_electronics_case,bus-adapter-013
8,电子件,electronics,torso,ATRI_electronics_case,bus-adapter-014
8,电子件,electronics,torso,ATRI_electronics_case,bus-adapter-015
8,电子件,electronics,torso,ATRI_connector_metal,bus-adapter-016
8,电子件,electronics,torso,ATRI_connector_white,bus-adapter-017
8,电子件,electronics,torso,ATRI_connector_white,bus-adapter-018
8,电子件,electronics,torso,ATRI_electronics_case,bus-adapter-019
8,电子件,electronics,torso,ATRI_electronics_case,bus-adapter-020
8,电子件,electronics,torso,ATRI_electronics_case,bus-adapter-021
8,电子件,electronics,torso,ATRI_electronics_case,bus-adapter-022
8,电子件,electronics,torso,ATRI_electronics_case,bus-adapter-023
8,电子件,electronics,torso,ATRI_electronics_case,bus-adapter-024
8,电子件,electronics,torso,ATRI_electronics_case,bus-adapter-025
8,电子件,electronics,torso,ATRI_electronics_case,bus-adapter-026
8,电子件,electronics,torso,ATRI_electronics_case,bus-adapter-027
8,电子件,electronics,torso,ATRI_electronics_case,bus-adapter-028
8,电子件,electronics,torso,ATRI_electronics_case,bus-adapter-029
8,电子件,electronics,torso,ATRI_electronics_case,bus-adapter-030
8,电子件,electronics,torso,ATRI_electronics_case,bus-adapter-031
8,电子件,electronics,torso,ATRI_electronics_case,bus-adapter-032
8,电子件,electronics,torso,ATRI_electronics_case,bus-adapter-033
8,电子件,electronics,torso,ATRI_electronics_case,bus-adapter-034
8,电子件,electronics,torso,ATRI_electronics_case,bus-adapter-035
8,电子件,electronics,torso,ATRI_electronics_case,bus-adapter-036
8,电子件,electronics,torso,ATRI_electronics_case,bus-adapter-037
8,电子件,electronics,torso,ATRI_electronics_case,bus-adapter-038
8,电子件,electronics,torso,ATRI_electronics_case,bus-adapter-039
8,电子件,electronics,torso,ATRI_electronics_case,bus-adapter-040
8,电子件,electronics,torso,ATRI_electronics_case,bus-adapter-041
8,电子件,electronics,torso,ATRI_electronics_case,bus-adapter-042
8,电子件,electronics,torso,ATRI_electronics_case,bus-adapter-043
8,电子件,electronics,torso,ATRI_electronics_case,bus-adapter-044
8,电子件,electronics,torso,ATRI_electronics_case,bus-adapter-045
8,电子件,electronics,torso,ATRI_electronics_case,bus-adapter-046
8,电子件,electronics,torso,ATRI_electronics_case,bus-adapter-047
8,电子件,electronics,torso,ATRI_electronics_case,bus-adapter-048
8,电子件,electronics,torso,ATRI_electronics_case,bus-adapter-049
8,电子件,electronics,torso,ATRI_electronics_case,bus-adapter-050
8,电子件,electronics,torso,ATRI_electronics_case,bus-adapter-051
8,电子件,electronics,torso,ATRI_electronics_case,bus-adapter-052
8,电子件,electronics,torso,ATRI_electronics_case,bus-adapter-053
8,电子件,electronics,torso,ATRI_electronics_case,bus-adapter-054
8,电子件,electronics,torso,ATRI_electronics_case,bus-adapter-055
8,电子件,electronics,torso,ATRI_electronics_case,bus-adapter-056
8,电子件,electronics,torso,ATRI_electronics_case,bus-adapter-057
8,电子件,electronics,torso,ATRI_electronics_case,bus-adapter-058
8,电子件,electronics,torso,ATRI_electronics_case,bus-adapter-059
8,电子件,electronics,torso,ATRI_electronics_case,bus-adapter-060
8,电子件,electronics,torso,ATRI_electronics_case,bus-adapter-061
8,电子件,electronics,torso,ATRI_electronics_case,bus-adapter-062
8,电子件,electronics,torso,ATRI_electronics_case,bus-adapter-063
8,电子件,electronics,torso,ATRI_electronics_case,bus-adapter-064
8,电子件,electronics,torso,ATRI_electronics_case,bus-adapter-065
8,电子件,electronics,torso,ATRI_electronics_case,bus-adapter-066
8,电子件,electronics,torso,ATRI_electronics_case,bus-adapter-067
8,电子件,electronics,torso,ATRI_electronics_case,bus-adapter-068
8,电子件,electronics,torso,ATRI_electronics_case,bus-adapter-069
8,电子件,electronics,torso,ATRI_electronics_case,bus-adapter-070
8,电子件,electronics,torso,ATRI_electronics_case,bus-adapter-071
8,电子件,electronics,torso,ATRI_electronics_case,bus-adapter-072
8,电子件,electronics,torso,ATRI_electronics_case,bus-adapter-073
8,电子件,electronics,torso,ATRI_electronics_case,bus-adapter-074
8,电子件,electronics,torso,ATRI_electronics_case,bus-adapter-075
8,电子件,electronics,torso,ATRI_electronics_case,bus-adapter-076
8,电子件,electronics,torso,ATRI_electronics_case,bus-adapter-077
8,电子件,electronics,torso,ATRI_electronics_case,bus-adapter-078
8,电子件,electronics,torso,ATRI_electronics_case,bus-adapter-079
8,电子件,electronics,torso,ATRI_electronics_case,bus-adapter-080
8,电子件,electronics,torso,ATRI_electronics_case,bus-adapter-081
8,电子件,electronics,torso,ATRI_electronics_case,bus-adapter-082
8,电子件,electronics,torso,ATRI_electronics_case,bus-adapter-083
8,电子件,electronics,torso,ATRI_electronics_case,bus-adapter-084
8,电子件,electronics,torso,ATRI_electronics_case,bus-adapter-085
8,电子件,electronics,torso,ATRI_electronics_case,bus-adapter-086
8,电子件,electronics,torso,ATRI_electronics_case,bus-adapter-087
8,电子件,electronics,torso,ATRI_electronics_case,bus-adapter-088
8,电子件,electronics,torso,ATRI_electronics_case,bus-adapter-089
8,电子件,electronics,torso,ATRI_electronics_case,bus-adapter-090
8,电子件,electronics,torso,ATRI_electronics_case,bus-adapter-091
8,电子件,electronics,torso,ATRI_electronics_case,bus-adapter-092
8,电子件,electronics,torso,ATRI_electronics_case,bus-adapter-093
8,电子件,electronics,torso,ATRI_electronics_case,bus-adapter-094
8,电子件,electronics,torso,ATRI_electronics_case,bus-adapter-095
8,电子件,electronics,torso,ATRI_electronics_case,bus-adapter-096
8,电子件,electronics,torso,ATRI_electronics_case,bus-adapter-097
8,电子件,electronics,torso,ATRI_electronics_case,bus-adapter-098
8,电子件,electronics,torso,ATRI_electronics_case,bus-adapter-099
8,电子件,electronics,torso,ATRI_electronics_case,bus-adapter-100
8,电子件,electronics,torso,ATRI_electronics_case,bus-adapter-101
8,电子件,electronics,torso,ATRI_electronics_case,bus-adapter-102
8,电子件,electronics,torso,ATRI_electronics_case,bus-adapter-103
8,电子件,electronics,torso,ATRI_electronics_case,bus-adapter-104
8,电子件,electronics,torso,ATRI_electronics_case,bus-adapter-105
8,电子件,electronics,torso,ATRI_electronics_case,bus-adapter-106
8,电子件,electronics,torso,ATRI_electronics_case,bus-adapter-107
8,电子件,electronics,torso,ATRI_electronics_case,bus-adapter-108
8,电子件,electronics,torso,ATRI_electronics_case,bus-adapter-109
8,电子件,electronics,torso,ATRI_electronics_case,bus-adapter-110
8,电子件,electronics,torso,ATRI_electronics_case,bus-adapter-111
8,电子件,electronics,torso,ATRI_electronics_case,bus-adapter-112
8,电子件,electronics,torso,ATRI_electronics_case,bus-adapter-113
8,电子件,electronics,torso,ATRI_electronics_case,bus-adapter-114
8,电子件,electronics,torso,ATRI_electronics_case,bus-adapter-115
8,电子件,electronics,torso,ATRI_electronics_case,bus-adapter-116
10,紧固件,electronics,torso,ATRI_fastener,bus-board-bolt-0
10,紧固件,electronics,torso,ATRI_fastener,bus-board-bolt-1
10,紧固件,electronics,torso,ATRI_fastener,bus-board-bolt-2
10,紧固件,electronics,torso,ATRI_fastener,bus-board-bolt-3
8,电子件,electronics,torso,ATRI_petg,bus-bridge
10,紧固件,electronics,torso,ATRI_fastener,bus-bridge-bolt-0--1
10,紧固件,electronics,torso,ATRI_fastener,bus-bridge-bolt-0-1
10,紧固件,electronics,torso,ATRI_fastener,bus-bridge-bolt-1--1
10,紧固件,electronics,torso,ATRI_fastener,bus-bridge-bolt-1-1
10,紧固件,electronics,torso,ATRI_fastener,bus-bridge-nut-0--1
10,紧固件,electronics,torso,ATRI_fastener,bus-bridge-nut-0-1
10,紧固件,electronics,torso,ATRI_fastener,bus-bridge-nut-1--1
10,紧固件,electronics,torso,ATRI_fastener,bus-bridge-nut-1-1
10,紧固件,electronics,torso,ATRI_standoff,bus-post-0
10,紧固件,electronics,torso,ATRI_standoff,bus-post-1
10,紧固件,electronics,torso,ATRI_standoff,bus-post-2
10,紧固件,electronics,torso,ATRI_standoff,bus-post-3
10,紧固件,electronics,torso,ATRI_fastener,bus-post-bottom-bolt-0
10,紧固件,electronics,torso,ATRI_fastener,bus-post-bottom-bolt-1
10,紧固件,electronics,torso,ATRI_fastener,bus-post-bottom-bolt-2
10,紧固件,electronics,torso,ATRI_fastener,bus-post-bottom-bolt-3
11,传感器,sensor,head,ATRI_pcb,camera
10,紧固件,sensor,head,ATRI_standoff,camera-pillar-0
10,紧固件,sensor,head,ATRI_standoff,camera-pillar-1
10,紧固件,sensor,head,ATRI_standoff,camera-pillar-2
10,紧固件,sensor,head,ATRI_standoff,camera-pillar-3
10,紧固件,sensor,head,ATRI_fastener,camera-pillar-screw-0
10,紧固件,sensor,head,ATRI_fastener,camera-pillar-screw-1
10,紧固件,sensor,head,ATRI_fastener,camera-pillar-screw-2
10,紧固件,sensor,head,ATRI_fastener,camera-pillar-screw-3
11,传感器,sensor,head,ATRI_electronics_case,camera-rear-envelope
10,紧固件,sensor,head,ATRI_fastener,camera-screw-0
10,紧固件,sensor,head,ATRI_fastener,camera-screw-1
10,紧固件,sensor,head,ATRI_fastener,camera-screw-2
10,紧固件,sensor,head,ATRI_fastener,camera-screw-3
10,紧固件,core,head_yaw_link,ATRI_fastener,case-head-pitch-bolt-0
10,紧固件,core,head_yaw_link,ATRI_fastener,case-head-pitch-bolt-1
10,紧固件,core,head_yaw_link,ATRI_fastener,case-head-pitch-nut-0
10,紧固件,core,head_yaw_link,ATRI_fastener,case-head-pitch-nut-1
10,紧固件,arm_left,left_hand,ATRI_fastener,case-left-fore-bolt-1
6,手臂,arm_left,left_hand,ATRI_al,case-left-fore-jaw-rear
10,紧固件,arm_left,left_hand,ATRI_fastener,case-left-fore-nut-0
10,紧固件,arm_left,left_hand,ATRI_fastener,case-left-fore-nut-1
4,髋部双片,hip_dual_left,left_hip_roll_link,ATRI_al,case-left-pitch-jaw-rear
5,腿,leg_left,left_shank,ATRI_al,case-left-shank-lower-jaw-front
5,腿,leg_left,left_shank,ATRI_al,case-left-shank-lower-jaw-rear
10,紧固件,arm_left,left_upper,ATRI_fastener,case-left-shoulder-bolt-0
10,紧固件,arm_left,left_upper,ATRI_fastener,case-left-shoulder-bolt-1
6,手臂,arm_left,left_upper,ATRI_al,case-left-shoulder-jaw-rear
10,紧固件,arm_left,left_upper,ATRI_fastener,case-left-shoulder-nut-0
10,紧固件,arm_left,left_upper,ATRI_fastener,case-left-shoulder-nut-1
1,外壳,core,torso,ATRI_al,case-left-shoulder-pitch-jaw-front
1,外壳,core,torso,ATRI_al,case-left-shoulder-pitch-jaw-rear
5,腿,leg_left,left_thigh,ATRI_al,case-left-thigh-lower-jaw-front
5,腿,leg_left,left_thigh,ATRI_al,case-left-thigh-lower-jaw-rear
10,紧固件,arm_left,left_fore,ATRI_fastener,case-left-upper-bolt-0
10,紧固件,arm_left,left_fore,ATRI_fastener,case-left-upper-bolt-1
6,手臂,arm_left,left_fore,ATRI_al,case-left-upper-jaw-rear
10,紧固件,arm_left,left_fore,ATRI_fastener,case-left-upper-nut-0
10,紧固件,arm_left,left_fore,ATRI_fastener,case-left-upper-nut-1
10,紧固件,pelvis,pelvis,ATRI_fastener,case-left_hip_roll-bolt-0
10,紧固件,pelvis,pelvis,ATRI_fastener,case-left_hip_roll-bolt-1
2,骨盆,pelvis,pelvis,ATRI_al,case-left_hip_roll-jaw-front
2,骨盆,pelvis,pelvis,ATRI_al,case-left_hip_roll-jaw-rear
10,紧固件,pelvis,pelvis,ATRI_fastener,case-left_hip_roll-nut-0
10,紧固件,pelvis,pelvis,ATRI_fastener,case-left_hip_roll-nut-1
10,紧固件,arm_right,right_hand,ATRI_fastener,case-right-fore-bolt-1
6,手臂,arm_right,right_hand,ATRI_al,case-right-fore-jaw-rear
10,紧固件,arm_right,right_hand,ATRI_fastener,case-right-fore-nut-0
10,紧固件,arm_right,right_hand,ATRI_fastener,case-right-fore-nut-1
4,髋部双片,hip_dual_right,right_hip_roll_link,ATRI_al,case-right-pitch-jaw-rear
5,腿,leg_right,right_shank,ATRI_al,case-right-shank-lower-jaw-front
5,腿,leg_right,right_shank,ATRI_al,case-right-shank-lower-jaw-rear
10,紧固件,arm_right,right_upper,ATRI_fastener,case-right-shoulder-bolt-0
10,紧固件,arm_right,right_upper,ATRI_fastener,case-right-shoulder-bolt-1
6,手臂,arm_right,right_upper,ATRI_al,case-right-shoulder-jaw-rear
10,紧固件,arm_right,right_upper,ATRI_fastener,case-right-shoulder-nut-0
10,紧固件,arm_right,right_upper,ATRI_fastener,case-right-shoulder-nut-1
1,外壳,core,torso,ATRI_al,case-right-shoulder-pitch-jaw-front
1,外壳,core,torso,ATRI_al,case-right-shoulder-pitch-jaw-rear
5,腿,leg_right,right_thigh,ATRI_al,case-right-thigh-lower-jaw-front
5,腿,leg_right,right_thigh,ATRI_al,case-right-thigh-lower-jaw-rear
10,紧固件,arm_right,right_fore,ATRI_fastener,case-right-upper-bolt-0
10,紧固件,arm_right,right_fore,ATRI_fastener,case-right-upper-bolt-1
6,手臂,arm_right,right_fore,ATRI_al,case-right-upper-jaw-rear
10,紧固件,arm_right,right_fore,ATRI_fastener,case-right-upper-nut-0
10,紧固件,arm_right,right_fore,ATRI_fastener,case-right-upper-nut-1
10,紧固件,pelvis,pelvis,ATRI_fastener,case-right_hip_roll-bolt-0
10,紧固件,pelvis,pelvis,ATRI_fastener,case-right_hip_roll-bolt-1
2,骨盆,pelvis,pelvis,ATRI_al,case-right_hip_roll-jaw-front
2,骨盆,pelvis,pelvis,ATRI_al,case-right_hip_roll-jaw-rear
10,紧固件,pelvis,pelvis,ATRI_fastener,case-right_hip_roll-nut-0
10,紧固件,pelvis,pelvis,ATRI_fastener,case-right_hip_roll-nut-1
10,紧固件,waist_dual,trunk_roll_link,ATRI_fastener,case-trunk-pitch-bolt-1
3,腰部双片,waist_dual,trunk_roll_link,ATRI_al,case-trunk-pitch-jaw-rear
10,紧固件,waist_dual,trunk_roll_link,ATRI_fastener,case-trunk-pitch-nut-1
10,紧固件,pelvis,pelvis,ATRI_fastener,case-trunk_roll-bolt-0
10,紧固件,pelvis,pelvis,ATRI_fastener,case-trunk_roll-bolt-1
2,骨盆,pelvis,pelvis,ATRI_al,case-trunk_roll-jaw-front
2,骨盆,pelvis,pelvis,ATRI_al,case-trunk_roll-jaw-rear
10,紧固件,pelvis,pelvis,ATRI_fastener,case-trunk_roll-nut-0
10,紧固件,pelvis,pelvis,ATRI_fastener,case-trunk_roll-nut-1
1,外壳,shell_rear,head,ATRI_petg,cover-head-b
1,外壳,shell_front,head,ATRI_petg,cover-head-f
10,紧固件,core,head,ATRI_standoff,head-closure-pillar-0
10,紧固件,core,head,ATRI_standoff,head-closure-pillar-1
10,紧固件,core,head,ATRI_fastener,head-closure-screw-0
10,紧固件,core,head,ATRI_fastener,head-closure-screw-1
10,紧固件,core,head,ATRI_fastener,head-mount-nut-front
10,紧固件,core,head,ATRI_fastener,head-mount-nut-rear
10,紧固件,core,head,ATRI_fastener,head-mount-screw-front
10,紧固件,core,head,ATRI_fastener,head-mount-screw-rear
1,外壳,core,head,ATRI_al,head-output-arm-front
1,外壳,core,head,ATRI_al,head-output-arm-rear
10,紧固件,core,head,ATRI_fastener,head-passive-screw-0
10,紧固件,core,head,ATRI_fastener,head-passive-screw-1
10,紧固件,core,head,ATRI_fastener,head-passive-screw-2
10,紧固件,core,head,ATRI_fastener,head-passive-screw-3
10,紧固件,hip_dual_left,left_hip_roll_link,ATRI_fastener,hip-dual-left-case-bolt-0
10,紧固件,hip_dual_left,left_hip_roll_link,ATRI_fastener,hip-dual-left-case-bolt-1
10,紧固件,hip_dual_left,left_hip_roll_link,ATRI_fastener,hip-dual-left-case-nut-0
10,紧固件,hip_dual_left,left_hip_roll_link,ATRI_fastener,hip-dual-left-case-nut-1
4,髋部双片,hip_dual_left,left_hip_roll_link,ATRI_al,hip-dual-left-case-spacer-0
4,髋部双片,hip_dual_left,left_hip_roll_link,ATRI_al,hip-dual-left-case-spacer-1
10,紧固件,hip_dual_left,left_hip_roll_link,ATRI_fastener,hip-dual-left-pcd-bolt--4.95--4.95
10,紧固件,hip_dual_left,left_hip_roll_link,ATRI_fastener,hip-dual-left-pcd-bolt--4.95-4.95
10,紧固件,hip_dual_left,left_hip_roll_link,ATRI_fastener,hip-dual-left-pcd-bolt-4.95--4.95
10,紧固件,hip_dual_left,left_hip_roll_link,ATRI_fastener,hip-dual-left-pcd-bolt-4.95-4.95
10,紧固件,hip_dual_left,left_hip_roll_link,ATRI_fastener,hip-dual-left-pcd-head-washer--4.95--4.95
10,紧固件,hip_dual_left,left_hip_roll_link,ATRI_fastener,hip-dual-left-pcd-head-washer--4.95-4.95
10,紧固件,hip_dual_left,left_hip_roll_link,ATRI_fastener,hip-dual-left-pcd-head-washer-4.95--4.95
10,紧固件,hip_dual_left,left_hip_roll_link,ATRI_fastener,hip-dual-left-pcd-head-washer-4.95-4.95
4,髋部双片,hip_dual_left,left_hip_roll_link,ATRI_al,hip-dual-left-pcd-spacer--4.95--4.95-0
4,髋部双片,hip_dual_left,left_hip_roll_link,ATRI_al,hip-dual-left-pcd-spacer--4.95--4.95-1
4,髋部双片,hip_dual_left,left_hip_roll_link,ATRI_al,hip-dual-left-pcd-spacer--4.95-4.95-0
4,髋部双片,hip_dual_left,left_hip_roll_link,ATRI_al,hip-dual-left-pcd-spacer--4.95-4.95-1
4,髋部双片,hip_dual_left,left_hip_roll_link,ATRI_al,hip-dual-left-pcd-spacer-4.95--4.95-0
4,髋部双片,hip_dual_left,left_hip_roll_link,ATRI_al,hip-dual-left-pcd-spacer-4.95--4.95-1
4,髋部双片,hip_dual_left,left_hip_roll_link,ATRI_al,hip-dual-left-pcd-spacer-4.95-4.95-0
4,髋部双片,hip_dual_left,left_hip_roll_link,ATRI_al,hip-dual-left-pcd-spacer-4.95-4.95-1
4,髋部双片,hip_dual_left,left_hip_roll_link,ATRI_al,hip-dual-left-rear-angle
10,紧固件,hip_dual_right,right_hip_roll_link,ATRI_fastener,hip-dual-right-case-bolt-0
10,紧固件,hip_dual_right,right_hip_roll_link,ATRI_fastener,hip-dual-right-case-bolt-1
10,紧固件,hip_dual_right,right_hip_roll_link,ATRI_fastener,hip-dual-right-case-nut-0
10,紧固件,hip_dual_right,right_hip_roll_link,ATRI_fastener,hip-dual-right-case-nut-1
4,髋部双片,hip_dual_right,right_hip_roll_link,ATRI_al,hip-dual-right-case-spacer-0
4,髋部双片,hip_dual_right,right_hip_roll_link,ATRI_al,hip-dual-right-case-spacer-1
10,紧固件,hip_dual_right,right_hip_roll_link,ATRI_fastener,hip-dual-right-pcd-bolt--4.95--4.95
10,紧固件,hip_dual_right,right_hip_roll_link,ATRI_fastener,hip-dual-right-pcd-bolt--4.95-4.95
10,紧固件,hip_dual_right,right_hip_roll_link,ATRI_fastener,hip-dual-right-pcd-bolt-4.95--4.95
10,紧固件,hip_dual_right,right_hip_roll_link,ATRI_fastener,hip-dual-right-pcd-bolt-4.95-4.95
10,紧固件,hip_dual_right,right_hip_roll_link,ATRI_fastener,hip-dual-right-pcd-head-washer--4.95--4.95
10,紧固件,hip_dual_right,right_hip_roll_link,ATRI_fastener,hip-dual-right-pcd-head-washer--4.95-4.95
10,紧固件,hip_dual_right,right_hip_roll_link,ATRI_fastener,hip-dual-right-pcd-head-washer-4.95--4.95
10,紧固件,hip_dual_right,right_hip_roll_link,ATRI_fastener,hip-dual-right-pcd-head-washer-4.95-4.95
4,髋部双片,hip_dual_right,right_hip_roll_link,ATRI_al,hip-dual-right-pcd-spacer--4.95--4.95-0
4,髋部双片,hip_dual_right,right_hip_roll_link,ATRI_al,hip-dual-right-pcd-spacer--4.95--4.95-1
4,髋部双片,hip_dual_right,right_hip_roll_link,ATRI_al,hip-dual-right-pcd-spacer--4.95-4.95-0
4,髋部双片,hip_dual_right,right_hip_roll_link,ATRI_al,hip-dual-right-pcd-spacer--4.95-4.95-1
4,髋部双片,hip_dual_right,right_hip_roll_link,ATRI_al,hip-dual-right-pcd-spacer-4.95--4.95-0
4,髋部双片,hip_dual_right,right_hip_roll_link,ATRI_al,hip-dual-right-pcd-spacer-4.95--4.95-1
4,髋部双片,hip_dual_right,right_hip_roll_link,ATRI_al,hip-dual-right-pcd-spacer-4.95-4.95-0
4,髋部双片,hip_dual_right,right_hip_roll_link,ATRI_al,hip-dual-right-pcd-spacer-4.95-4.95-1
4,髋部双片,hip_dual_right,right_hip_roll_link,ATRI_al,hip-dual-right-rear-angle
10,紧固件,core,head,ATRI_fastener,horn-center-screw-head_pitch
10,紧固件,core,head_yaw_link,ATRI_fastener,horn-center-screw-head_yaw
10,紧固件,leg_left,left_foot,ATRI_fastener,horn-center-screw-left_ankle_pitch
10,紧固件,arm_left,left_hand,ATRI_fastener,horn-center-screw-left_elbow_pitch
10,紧固件,gripper_left,left_grip,ATRI_fastener,horn-center-screw-left_gripper
10,紧固件,leg_left,left_thigh,ATRI_fastener,horn-center-screw-left_hip_pitch
10,紧固件,hip_dual_left,left_hip_roll_link,ATRI_fastener,horn-center-screw-left_hip_roll
10,紧固件,leg_left,left_shank,ATRI_fastener,horn-center-screw-left_knee_pitch
10,紧固件,arm_left,left_upper,ATRI_fastener,horn-center-screw-left_shoulder_pitch
10,紧固件,arm_left,left_fore,ATRI_fastener,horn-center-screw-left_shoulder_roll
10,紧固件,leg_right,right_foot,ATRI_fastener,horn-center-screw-right_ankle_pitch
10,紧固件,arm_right,right_hand,ATRI_fastener,horn-center-screw-right_elbow_pitch
10,紧固件,gripper_right,right_grip,ATRI_fastener,horn-center-screw-right_gripper
10,紧固件,leg_right,right_thigh,ATRI_fastener,horn-center-screw-right_hip_pitch
10,紧固件,hip_dual_right,right_hip_roll_link,ATRI_fastener,horn-center-screw-right_hip_roll
10,紧固件,leg_right,right_shank,ATRI_fastener,horn-center-screw-right_knee_pitch
10,紧固件,arm_right,right_upper,ATRI_fastener,horn-center-screw-right_shoulder_pitch
10,紧固件,arm_right,right_fore,ATRI_fastener,horn-center-screw-right_shoulder_roll
10,紧固件,core,torso,ATRI_fastener,horn-center-screw-trunk_pitch
10,紧固件,waist_dual,trunk_roll_link,ATRI_fastener,horn-center-screw-trunk_roll
1,外壳,core,head,ATRI_horn,horn-head_pitch
1,外壳,core,head_yaw_link,ATRI_horn,horn-head_yaw
5,腿,leg_left,left_foot,ATRI_horn,horn-left_ankle_pitch
6,手臂,arm_left,left_hand,ATRI_horn,horn-left_elbow_pitch
7,夹爪,gripper_left,left_grip,ATRI_horn,horn-left_gripper
5,腿,leg_left,left_thigh,ATRI_horn,horn-left_hip_pitch
4,髋部双片,hip_dual_left,left_hip_roll_link,ATRI_horn,horn-left_hip_roll
5,腿,leg_left,left_shank,ATRI_horn,horn-left_knee_pitch
6,手臂,arm_left,left_upper,ATRI_horn,horn-left_shoulder_pitch
6,手臂,arm_left,left_fore,ATRI_horn,horn-left_shoulder_roll
5,腿,leg_right,right_foot,ATRI_horn,horn-right_ankle_pitch
6,手臂,arm_right,right_hand,ATRI_horn,horn-right_elbow_pitch
7,夹爪,gripper_right,right_grip,ATRI_horn,horn-right_gripper
5,腿,leg_right,right_thigh,ATRI_horn,horn-right_hip_pitch
4,髋部双片,hip_dual_right,right_hip_roll_link,ATRI_horn,horn-right_hip_roll
5,腿,leg_right,right_shank,ATRI_horn,horn-right_knee_pitch
6,手臂,arm_right,right_upper,ATRI_horn,horn-right_shoulder_pitch
6,手臂,arm_right,right_fore,ATRI_horn,horn-right_shoulder_roll
1,外壳,core,torso,ATRI_horn,horn-trunk_pitch
3,腰部双片,waist_dual,trunk_roll_link,ATRI_horn,horn-trunk_roll
5,腿,leg_left,left_foot,ATRI_al,leg-left-foot-front
5,腿,leg_left,left_foot,ATRI_al,leg-left-foot-front-angle
10,紧固件,leg_left,left_foot,ATRI_fastener,leg-left-foot-front-base-bolt-0
10,紧固件,leg_left,left_foot,ATRI_fastener,leg-left-foot-front-base-bolt-1
10,紧固件,leg_left,left_foot,ATRI_fastener,leg-left-foot-front-base-nut-0
10,紧固件,leg_left,left_foot,ATRI_fastener,leg-left-foot-front-base-nut-1
10,紧固件,leg_left,left_foot,ATRI_fastener,leg-left-foot-front-horn-bolt-0
10,紧固件,leg_left,left_foot,ATRI_fastener,leg-left-foot-front-horn-bolt-1
10,紧固件,leg_left,left_foot,ATRI_fastener,leg-left-foot-front-horn-bolt-2
10,紧固件,leg_left,left_foot,ATRI_fastener,leg-left-foot-front-horn-bolt-3
5,腿,leg_left,left_foot,ATRI_al,leg-left-foot-front-horn-spacer-0-0
5,腿,leg_left,left_foot,ATRI_al,leg-left-foot-front-horn-spacer-0-1
5,腿,leg_left,left_foot,ATRI_al,leg-left-foot-front-horn-spacer-0-2
5,腿,leg_left,left_foot,ATRI_al,leg-left-foot-front-horn-spacer-1-0
5,腿,leg_left,left_foot,ATRI_al,leg-left-foot-front-horn-spacer-1-1
5,腿,leg_left,left_foot,ATRI_al,leg-left-foot-front-horn-spacer-1-2
5,腿,leg_left,left_foot,ATRI_al,leg-left-foot-front-horn-spacer-2-0
5,腿,leg_left,left_foot,ATRI_al,leg-left-foot-front-horn-spacer-2-1
5,腿,leg_left,left_foot,ATRI_al,leg-left-foot-front-horn-spacer-2-2
5,腿,leg_left,left_foot,ATRI_al,leg-left-foot-front-horn-spacer-3-0
5,腿,leg_left,left_foot,ATRI_al,leg-left-foot-front-horn-spacer-3-1
5,腿,leg_left,left_foot,ATRI_al,leg-left-foot-front-horn-spacer-3-2
10,紧固件,leg_left,left_foot,ATRI_fastener,leg-left-foot-front-side-bolt-0
10,紧固件,leg_left,left_foot,ATRI_fastener,leg-left-foot-front-side-bolt-1
10,紧固件,leg_left,left_foot,ATRI_fastener,leg-left-foot-front-side-nut-0
10,紧固件,leg_left,left_foot,ATRI_fastener,leg-left-foot-front-side-nut-1
5,腿,leg_left,left_foot,ATRI_al,leg-left-foot-plate
5,腿,leg_left,left_foot,ATRI_al,leg-left-foot-rear
5,腿,leg_left,left_foot,ATRI_al,leg-left-foot-rear-angle
10,紧固件,leg_left,left_foot,ATRI_fastener,leg-left-foot-rear-base-bolt-0
10,紧固件,leg_left,left_foot,ATRI_fastener,leg-left-foot-rear-base-bolt-1
10,紧固件,leg_left,left_foot,ATRI_fastener,leg-left-foot-rear-base-nut-0
10,紧固件,leg_left,left_foot,ATRI_fastener,leg-left-foot-rear-base-nut-1
10,紧固件,leg_left,left_foot,ATRI_fastener,leg-left-foot-rear-horn-bolt-0
10,紧固件,leg_left,left_foot,ATRI_fastener,leg-left-foot-rear-horn-bolt-1
10,紧固件,leg_left,left_foot,ATRI_fastener,leg-left-foot-rear-horn-bolt-2
10,紧固件,leg_left,left_foot,ATRI_fastener,leg-left-foot-rear-horn-bolt-3
5,腿,leg_left,left_foot,ATRI_al,leg-left-foot-rear-horn-spacer-0-0
5,腿,leg_left,left_foot,ATRI_al,leg-left-foot-rear-horn-spacer-0-1
5,腿,leg_left,left_foot,ATRI_al,leg-left-foot-rear-horn-spacer-0-2
10,紧固件,leg_left,left_foot,ATRI_fastener,leg-left-foot-rear-horn-spacer-0-3
5,腿,leg_left,left_foot,ATRI_al,leg-left-foot-rear-horn-spacer-1-0
5,腿,leg_left,left_foot,ATRI_al,leg-left-foot-rear-horn-spacer-1-1
5,腿,leg_left,left_foot,ATRI_al,leg-left-foot-rear-horn-spacer-1-2
10,紧固件,leg_left,left_foot,ATRI_fastener,leg-left-foot-rear-horn-spacer-1-3
5,腿,leg_left,left_foot,ATRI_al,leg-left-foot-rear-horn-spacer-2-0
5,腿,leg_left,left_foot,ATRI_al,leg-left-foot-rear-horn-spacer-2-1
5,腿,leg_left,left_foot,ATRI_al,leg-left-foot-rear-horn-spacer-2-2
10,紧固件,leg_left,left_foot,ATRI_fastener,leg-left-foot-rear-horn-spacer-2-3
5,腿,leg_left,left_foot,ATRI_al,leg-left-foot-rear-horn-spacer-3-0
5,腿,leg_left,left_foot,ATRI_al,leg-left-foot-rear-horn-spacer-3-1
5,腿,leg_left,left_foot,ATRI_al,leg-left-foot-rear-horn-spacer-3-2
10,紧固件,leg_left,left_foot,ATRI_fastener,leg-left-foot-rear-horn-spacer-3-3
10,紧固件,leg_left,left_foot,ATRI_fastener,leg-left-foot-rear-side-bolt-0
10,紧固件,leg_left,left_foot,ATRI_fastener,leg-left-foot-rear-side-bolt-1
10,紧固件,leg_left,left_foot,ATRI_fastener,leg-left-foot-rear-side-nut-0
10,紧固件,leg_left,left_foot,ATRI_fastener,leg-left-foot-rear-side-nut-1
5,腿,leg_left,left_foot,ATRI_tpu,leg-left-foot-sole
10,紧固件,leg_left,left_shank,ATRI_fastener,leg-left-shank-clamp-bolt-0
10,紧固件,leg_left,left_shank,ATRI_fastener,leg-left-shank-clamp-bolt-1
10,紧固件,leg_left,left_shank,ATRI_fastener,leg-left-shank-clamp-head-spacer-0
10,紧固件,leg_left,left_shank,ATRI_fastener,leg-left-shank-clamp-head-spacer-1
10,紧固件,leg_left,left_shank,ATRI_fastener,leg-left-shank-clamp-nut-0
10,紧固件,leg_left,left_shank,ATRI_fastener,leg-left-shank-clamp-nut-1
5,腿,leg_left,left_shank,ATRI_al,leg-left-shank-clamp-spacer-front-0-0
5,腿,leg_left,left_shank,ATRI_al,leg-left-shank-clamp-spacer-front-0-1
10,紧固件,leg_left,left_shank,ATRI_fastener,leg-left-shank-clamp-spacer-front-0-2
10,紧固件,leg_left,left_shank,ATRI_fastener,leg-left-shank-clamp-spacer-front-0-3
5,腿,leg_left,left_shank,ATRI_al,leg-left-shank-clamp-spacer-front-1-0
5,腿,leg_left,left_shank,ATRI_al,leg-left-shank-clamp-spacer-front-1-1
10,紧固件,leg_left,left_shank,ATRI_fastener,leg-left-shank-clamp-spacer-front-1-2
10,紧固件,leg_left,left_shank,ATRI_fastener,leg-left-shank-clamp-spacer-front-1-3
5,腿,leg_left,left_shank,ATRI_al,leg-left-shank-clamp-spacer-rear-0-0
5,腿,leg_left,left_shank,ATRI_al,leg-left-shank-clamp-spacer-rear-1-0
5,腿,leg_left,left_shank,ATRI_al,leg-left-shank-front
10,紧固件,leg_left,left_shank,ATRI_fastener,leg-left-shank-front-horn-bolt-0
10,紧固件,leg_left,left_shank,ATRI_fastener,leg-left-shank-front-horn-bolt-1
10,紧固件,leg_left,left_shank,ATRI_fastener,leg-left-shank-front-horn-bolt-2
10,紧固件,leg_left,left_shank,ATRI_fastener,leg-left-shank-front-horn-bolt-3
5,腿,leg_left,left_shank,ATRI_al,leg-left-shank-front-horn-spacer-0-0
5,腿,leg_left,left_shank,ATRI_al,leg-left-shank-front-horn-spacer-0-1
5,腿,leg_left,left_shank,ATRI_al,leg-left-shank-front-horn-spacer-1-0
5,腿,leg_left,left_shank,ATRI_al,leg-left-shank-front-horn-spacer-1-1
5,腿,leg_left,left_shank,ATRI_al,leg-left-shank-front-horn-spacer-2-0
5,腿,leg_left,left_shank,ATRI_al,leg-left-shank-front-horn-spacer-2-1
5,腿,leg_left,left_shank,ATRI_al,leg-left-shank-front-horn-spacer-3-0
5,腿,leg_left,left_shank,ATRI_al,leg-left-shank-front-horn-spacer-3-1
5,腿,leg_left,left_shank,ATRI_al,leg-left-shank-rear
10,紧固件,leg_left,left_shank,ATRI_fastener,leg-left-shank-rear-horn-bolt-0
10,紧固件,leg_left,left_shank,ATRI_fastener,leg-left-shank-rear-horn-bolt-1
10,紧固件,leg_left,left_shank,ATRI_fastener,leg-left-shank-rear-horn-bolt-2
10,紧固件,leg_left,left_shank,ATRI_fastener,leg-left-shank-rear-horn-bolt-3
5,腿,leg_left,left_shank,ATRI_al,leg-left-shank-rear-horn-spacer-0-0
5,腿,leg_left,left_shank,ATRI_al,leg-left-shank-rear-horn-spacer-0-1
10,紧固件,leg_left,left_shank,ATRI_fastener,leg-left-shank-rear-horn-spacer-0-2
5,腿,leg_left,left_shank,ATRI_al,leg-left-shank-rear-horn-spacer-1-0
5,腿,leg_left,left_shank,ATRI_al,leg-left-shank-rear-horn-spacer-1-1
10,紧固件,leg_left,left_shank,ATRI_fastener,leg-left-shank-rear-horn-spacer-1-2
5,腿,leg_left,left_shank,ATRI_al,leg-left-shank-rear-horn-spacer-2-0
5,腿,leg_left,left_shank,ATRI_al,leg-left-shank-rear-horn-spacer-2-1
10,紧固件,leg_left,left_shank,ATRI_fastener,leg-left-shank-rear-horn-spacer-2-2
5,腿,leg_left,left_shank,ATRI_al,leg-left-shank-rear-horn-spacer-3-0
5,腿,leg_left,left_shank,ATRI_al,leg-left-shank-rear-horn-spacer-3-1
10,紧固件,leg_left,left_shank,ATRI_fastener,leg-left-shank-rear-horn-spacer-3-2
10,紧固件,leg_left,left_thigh,ATRI_fastener,leg-left-thigh-clamp-bolt-0
10,紧固件,leg_left,left_thigh,ATRI_fastener,leg-left-thigh-clamp-bolt-1
10,紧固件,leg_left,left_thigh,ATRI_fastener,leg-left-thigh-clamp-nut-0
10,紧固件,leg_left,left_thigh,ATRI_fastener,leg-left-thigh-clamp-nut-1
5,腿,leg_left,left_thigh,ATRI_al,leg-left-thigh-clamp-spacer-front-0-0
10,紧固件,leg_left,left_thigh,ATRI_fastener,leg-left-thigh-clamp-spacer-front-0-1
10,紧固件,leg_left,left_thigh,ATRI_fastener,leg-left-thigh-clamp-spacer-front-0-2
5,腿,leg_left,left_thigh,ATRI_al,leg-left-thigh-clamp-spacer-front-1-0
10,紧固件,leg_left,left_thigh,ATRI_fastener,leg-left-thigh-clamp-spacer-front-1-1
10,紧固件,leg_left,left_thigh,ATRI_fastener,leg-left-thigh-clamp-spacer-front-1-2
5,腿,leg_left,left_thigh,ATRI_al,leg-left-thigh-front
10,紧固件,leg_left,left_thigh,ATRI_fastener,leg-left-thigh-front-horn-bolt-0
10,紧固件,leg_left,left_thigh,ATRI_fastener,leg-left-thigh-front-horn-bolt-1
10,紧固件,leg_left,left_thigh,ATRI_fastener,leg-left-thigh-front-horn-bolt-2
10,紧固件,leg_left,left_thigh,ATRI_fastener,leg-left-thigh-front-horn-bolt-3
5,腿,leg_left,left_thigh,ATRI_al,leg-left-thigh-front-horn-spacer-0-0
5,腿,leg_left,left_thigh,ATRI_al,leg-left-thigh-front-horn-spacer-1-0
5,腿,leg_left,left_thigh,ATRI_al,leg-left-thigh-front-horn-spacer-2-0
5,腿,leg_left,left_thigh,ATRI_al,leg-left-thigh-front-horn-spacer-3-0
5,腿,leg_left,left_thigh,ATRI_al,leg-left-thigh-rear
10,紧固件,leg_left,left_thigh,ATRI_fastener,leg-left-thigh-rear-horn-bolt-0
10,紧固件,leg_left,left_thigh,ATRI_fastener,leg-left-thigh-rear-horn-bolt-1
10,紧固件,leg_left,left_thigh,ATRI_fastener,leg-left-thigh-rear-horn-bolt-2
10,紧固件,leg_left,left_thigh,ATRI_fastener,leg-left-thigh-rear-horn-bolt-3
5,腿,leg_left,left_thigh,ATRI_al,leg-left-thigh-rear-horn-spacer-0-0
10,紧固件,leg_left,left_thigh,ATRI_fastener,leg-left-thigh-rear-horn-spacer-0-1
5,腿,leg_left,left_thigh,ATRI_al,leg-left-thigh-rear-horn-spacer-1-0
10,紧固件,leg_left,left_thigh,ATRI_fastener,leg-left-thigh-rear-horn-spacer-1-1
5,腿,leg_left,left_thigh,ATRI_al,leg-left-thigh-rear-horn-spacer-2-0
10,紧固件,leg_left,left_thigh,ATRI_fastener,leg-left-thigh-rear-horn-spacer-2-1
5,腿,leg_left,left_thigh,ATRI_al,leg-left-thigh-rear-horn-spacer-3-0
10,紧固件,leg_left,left_thigh,ATRI_fastener,leg-left-thigh-rear-horn-spacer-3-1
5,腿,leg_right,right_foot,ATRI_al,leg-right-foot-front
5,腿,leg_right,right_foot,ATRI_al,leg-right-foot-front-angle
10,紧固件,leg_right,right_foot,ATRI_fastener,leg-right-foot-front-base-bolt-0
10,紧固件,leg_right,right_foot,ATRI_fastener,leg-right-foot-front-base-bolt-1
10,紧固件,leg_right,right_foot,ATRI_fastener,leg-right-foot-front-base-nut-0
10,紧固件,leg_right,right_foot,ATRI_fastener,leg-right-foot-front-base-nut-1
10,紧固件,leg_right,right_foot,ATRI_fastener,leg-right-foot-front-horn-bolt-0
10,紧固件,leg_right,right_foot,ATRI_fastener,leg-right-foot-front-horn-bolt-1
10,紧固件,leg_right,right_foot,ATRI_fastener,leg-right-foot-front-horn-bolt-2
10,紧固件,leg_right,right_foot,ATRI_fastener,leg-right-foot-front-horn-bolt-3
5,腿,leg_right,right_foot,ATRI_al,leg-right-foot-front-horn-spacer-0-0
5,腿,leg_right,right_foot,ATRI_al,leg-right-foot-front-horn-spacer-0-1
5,腿,leg_right,right_foot,ATRI_al,leg-right-foot-front-horn-spacer-0-2
5,腿,leg_right,right_foot,ATRI_al,leg-right-foot-front-horn-spacer-1-0
5,腿,leg_right,right_foot,ATRI_al,leg-right-foot-front-horn-spacer-1-1
5,腿,leg_right,right_foot,ATRI_al,leg-right-foot-front-horn-spacer-1-2
5,腿,leg_right,right_foot,ATRI_al,leg-right-foot-front-horn-spacer-2-0
5,腿,leg_right,right_foot,ATRI_al,leg-right-foot-front-horn-spacer-2-1
5,腿,leg_right,right_foot,ATRI_al,leg-right-foot-front-horn-spacer-2-2
5,腿,leg_right,right_foot,ATRI_al,leg-right-foot-front-horn-spacer-3-0
5,腿,leg_right,right_foot,ATRI_al,leg-right-foot-front-horn-spacer-3-1
5,腿,leg_right,right_foot,ATRI_al,leg-right-foot-front-horn-spacer-3-2
10,紧固件,leg_right,right_foot,ATRI_fastener,leg-right-foot-front-side-bolt-0
10,紧固件,leg_right,right_foot,ATRI_fastener,leg-right-foot-front-side-bolt-1
10,紧固件,leg_right,right_foot,ATRI_fastener,leg-right-foot-front-side-nut-0
10,紧固件,leg_right,right_foot,ATRI_fastener,leg-right-foot-front-side-nut-1
5,腿,leg_right,right_foot,ATRI_al,leg-right-foot-plate
5,腿,leg_right,right_foot,ATRI_al,leg-right-foot-rear
5,腿,leg_right,right_foot,ATRI_al,leg-right-foot-rear-angle
10,紧固件,leg_right,right_foot,ATRI_fastener,leg-right-foot-rear-base-bolt-0
10,紧固件,leg_right,right_foot,ATRI_fastener,leg-right-foot-rear-base-bolt-1
10,紧固件,leg_right,right_foot,ATRI_fastener,leg-right-foot-rear-base-nut-0
10,紧固件,leg_right,right_foot,ATRI_fastener,leg-right-foot-rear-base-nut-1
10,紧固件,leg_right,right_foot,ATRI_fastener,leg-right-foot-rear-horn-bolt-0
10,紧固件,leg_right,right_foot,ATRI_fastener,leg-right-foot-rear-horn-bolt-1
10,紧固件,leg_right,right_foot,ATRI_fastener,leg-right-foot-rear-horn-bolt-2
10,紧固件,leg_right,right_foot,ATRI_fastener,leg-right-foot-rear-horn-bolt-3
5,腿,leg_right,right_foot,ATRI_al,leg-right-foot-rear-horn-spacer-0-0
5,腿,leg_right,right_foot,ATRI_al,leg-right-foot-rear-horn-spacer-0-1
5,腿,leg_right,right_foot,ATRI_al,leg-right-foot-rear-horn-spacer-0-2
10,紧固件,leg_right,right_foot,ATRI_fastener,leg-right-foot-rear-horn-spacer-0-3
5,腿,leg_right,right_foot,ATRI_al,leg-right-foot-rear-horn-spacer-1-0
5,腿,leg_right,right_foot,ATRI_al,leg-right-foot-rear-horn-spacer-1-1
5,腿,leg_right,right_foot,ATRI_al,leg-right-foot-rear-horn-spacer-1-2
10,紧固件,leg_right,right_foot,ATRI_fastener,leg-right-foot-rear-horn-spacer-1-3
5,腿,leg_right,right_foot,ATRI_al,leg-right-foot-rear-horn-spacer-2-0
5,腿,leg_right,right_foot,ATRI_al,leg-right-foot-rear-horn-spacer-2-1
5,腿,leg_right,right_foot,ATRI_al,leg-right-foot-rear-horn-spacer-2-2
10,紧固件,leg_right,right_foot,ATRI_fastener,leg-right-foot-rear-horn-spacer-2-3
5,腿,leg_right,right_foot,ATRI_al,leg-right-foot-rear-horn-spacer-3-0
5,腿,leg_right,right_foot,ATRI_al,leg-right-foot-rear-horn-spacer-3-1
5,腿,leg_right,right_foot,ATRI_al,leg-right-foot-rear-horn-spacer-3-2
10,紧固件,leg_right,right_foot,ATRI_fastener,leg-right-foot-rear-horn-spacer-3-3
10,紧固件,leg_right,right_foot,ATRI_fastener,leg-right-foot-rear-side-bolt-0
10,紧固件,leg_right,right_foot,ATRI_fastener,leg-right-foot-rear-side-bolt-1
10,紧固件,leg_right,right_foot,ATRI_fastener,leg-right-foot-rear-side-nut-0
10,紧固件,leg_right,right_foot,ATRI_fastener,leg-right-foot-rear-side-nut-1
5,腿,leg_right,right_foot,ATRI_tpu,leg-right-foot-sole
10,紧固件,leg_right,right_shank,ATRI_fastener,leg-right-shank-clamp-bolt-0
10,紧固件,leg_right,right_shank,ATRI_fastener,leg-right-shank-clamp-bolt-1
10,紧固件,leg_right,right_shank,ATRI_fastener,leg-right-shank-clamp-head-spacer-0
10,紧固件,leg_right,right_shank,ATRI_fastener,leg-right-shank-clamp-head-spacer-1
10,紧固件,leg_right,right_shank,ATRI_fastener,leg-right-shank-clamp-nut-0
10,紧固件,leg_right,right_shank,ATRI_fastener,leg-right-shank-clamp-nut-1
5,腿,leg_right,right_shank,ATRI_al,leg-right-shank-clamp-spacer-front-0-0
5,腿,leg_right,right_shank,ATRI_al,leg-right-shank-clamp-spacer-front-0-1
10,紧固件,leg_right,right_shank,ATRI_fastener,leg-right-shank-clamp-spacer-front-0-2
10,紧固件,leg_right,right_shank,ATRI_fastener,leg-right-shank-clamp-spacer-front-0-3
5,腿,leg_right,right_shank,ATRI_al,leg-right-shank-clamp-spacer-front-1-0
5,腿,leg_right,right_shank,ATRI_al,leg-right-shank-clamp-spacer-front-1-1
10,紧固件,leg_right,right_shank,ATRI_fastener,leg-right-shank-clamp-spacer-front-1-2
10,紧固件,leg_right,right_shank,ATRI_fastener,leg-right-shank-clamp-spacer-front-1-3
5,腿,leg_right,right_shank,ATRI_al,leg-right-shank-clamp-spacer-rear-0-0
5,腿,leg_right,right_shank,ATRI_al,leg-right-shank-clamp-spacer-rear-1-0
5,腿,leg_right,right_shank,ATRI_al,leg-right-shank-front
10,紧固件,leg_right,right_shank,ATRI_fastener,leg-right-shank-front-horn-bolt-0
10,紧固件,leg_right,right_shank,ATRI_fastener,leg-right-shank-front-horn-bolt-1
10,紧固件,leg_right,right_shank,ATRI_fastener,leg-right-shank-front-horn-bolt-2
10,紧固件,leg_right,right_shank,ATRI_fastener,leg-right-shank-front-horn-bolt-3
5,腿,leg_right,right_shank,ATRI_al,leg-right-shank-front-horn-spacer-0-0
5,腿,leg_right,right_shank,ATRI_al,leg-right-shank-front-horn-spacer-0-1
5,腿,leg_right,right_shank,ATRI_al,leg-right-shank-front-horn-spacer-1-0
5,腿,leg_right,right_shank,ATRI_al,leg-right-shank-front-horn-spacer-1-1
5,腿,leg_right,right_shank,ATRI_al,leg-right-shank-front-horn-spacer-2-0
5,腿,leg_right,right_shank,ATRI_al,leg-right-shank-front-horn-spacer-2-1
5,腿,leg_right,right_shank,ATRI_al,leg-right-shank-front-horn-spacer-3-0
5,腿,leg_right,right_shank,ATRI_al,leg-right-shank-front-horn-spacer-3-1
5,腿,leg_right,right_shank,ATRI_al,leg-right-shank-rear
10,紧固件,leg_right,right_shank,ATRI_fastener,leg-right-shank-rear-horn-bolt-0
10,紧固件,leg_right,right_shank,ATRI_fastener,leg-right-shank-rear-horn-bolt-1
10,紧固件,leg_right,right_shank,ATRI_fastener,leg-right-shank-rear-horn-bolt-2
10,紧固件,leg_right,right_shank,ATRI_fastener,leg-right-shank-rear-horn-bolt-3
5,腿,leg_right,right_shank,ATRI_al,leg-right-shank-rear-horn-spacer-0-0
5,腿,leg_right,right_shank,ATRI_al,leg-right-shank-rear-horn-spacer-0-1
10,紧固件,leg_right,right_shank,ATRI_fastener,leg-right-shank-rear-horn-spacer-0-2
5,腿,leg_right,right_shank,ATRI_al,leg-right-shank-rear-horn-spacer-1-0
5,腿,leg_right,right_shank,ATRI_al,leg-right-shank-rear-horn-spacer-1-1
10,紧固件,leg_right,right_shank,ATRI_fastener,leg-right-shank-rear-horn-spacer-1-2
5,腿,leg_right,right_shank,ATRI_al,leg-right-shank-rear-horn-spacer-2-0
5,腿,leg_right,right_shank,ATRI_al,leg-right-shank-rear-horn-spacer-2-1
10,紧固件,leg_right,right_shank,ATRI_fastener,leg-right-shank-rear-horn-spacer-2-2
5,腿,leg_right,right_shank,ATRI_al,leg-right-shank-rear-horn-spacer-3-0
5,腿,leg_right,right_shank,ATRI_al,leg-right-shank-rear-horn-spacer-3-1
10,紧固件,leg_right,right_shank,ATRI_fastener,leg-right-shank-rear-horn-spacer-3-2
10,紧固件,leg_right,right_thigh,ATRI_fastener,leg-right-thigh-clamp-bolt-0
10,紧固件,leg_right,right_thigh,ATRI_fastener,leg-right-thigh-clamp-bolt-1
10,紧固件,leg_right,right_thigh,ATRI_fastener,leg-right-thigh-clamp-nut-0
10,紧固件,leg_right,right_thigh,ATRI_fastener,leg-right-thigh-clamp-nut-1
5,腿,leg_right,right_thigh,ATRI_al,leg-right-thigh-clamp-spacer-front-0-0
10,紧固件,leg_right,right_thigh,ATRI_fastener,leg-right-thigh-clamp-spacer-front-0-1
10,紧固件,leg_right,right_thigh,ATRI_fastener,leg-right-thigh-clamp-spacer-front-0-2
5,腿,leg_right,right_thigh,ATRI_al,leg-right-thigh-clamp-spacer-front-1-0
10,紧固件,leg_right,right_thigh,ATRI_fastener,leg-right-thigh-clamp-spacer-front-1-1
10,紧固件,leg_right,right_thigh,ATRI_fastener,leg-right-thigh-clamp-spacer-front-1-2
5,腿,leg_right,right_thigh,ATRI_al,leg-right-thigh-front
10,紧固件,leg_right,right_thigh,ATRI_fastener,leg-right-thigh-front-horn-bolt-0
10,紧固件,leg_right,right_thigh,ATRI_fastener,leg-right-thigh-front-horn-bolt-1
10,紧固件,leg_right,right_thigh,ATRI_fastener,leg-right-thigh-front-horn-bolt-2
10,紧固件,leg_right,right_thigh,ATRI_fastener,leg-right-thigh-front-horn-bolt-3
5,腿,leg_right,right_thigh,ATRI_al,leg-right-thigh-front-horn-spacer-0-0
5,腿,leg_right,right_thigh,ATRI_al,leg-right-thigh-front-horn-spacer-1-0
5,腿,leg_right,right_thigh,ATRI_al,leg-right-thigh-front-horn-spacer-2-0
5,腿,leg_right,right_thigh,ATRI_al,leg-right-thigh-front-horn-spacer-3-0
5,腿,leg_right,right_thigh,ATRI_al,leg-right-thigh-rear
10,紧固件,leg_right,right_thigh,ATRI_fastener,leg-right-thigh-rear-horn-bolt-0
10,紧固件,leg_right,right_thigh,ATRI_fastener,leg-right-thigh-rear-horn-bolt-1
10,紧固件,leg_right,right_thigh,ATRI_fastener,leg-right-thigh-rear-horn-bolt-2
10,紧固件,leg_right,right_thigh,ATRI_fastener,leg-right-thigh-rear-horn-bolt-3
5,腿,leg_right,right_thigh,ATRI_al,leg-right-thigh-rear-horn-spacer-0-0
10,紧固件,leg_right,right_thigh,ATRI_fastener,leg-right-thigh-rear-horn-spacer-0-1
5,腿,leg_right,right_thigh,ATRI_al,leg-right-thigh-rear-horn-spacer-1-0
10,紧固件,leg_right,right_thigh,ATRI_fastener,leg-right-thigh-rear-horn-spacer-1-1
5,腿,leg_right,right_thigh,ATRI_al,leg-right-thigh-rear-horn-spacer-2-0
10,紧固件,leg_right,right_thigh,ATRI_fastener,leg-right-thigh-rear-horn-spacer-2-1
5,腿,leg_right,right_thigh,ATRI_al,leg-right-thigh-rear-horn-spacer-3-0
10,紧固件,leg_right,right_thigh,ATRI_fastener,leg-right-thigh-rear-horn-spacer-3-1
11,传感器,sensor,head,ATRI_optical,lens
1,外壳,core,head_yaw_link,ATRI_al,neck-angle-front
1,外壳,core,head_yaw_link,ATRI_al,neck-angle-rear
1,外壳,core,head_yaw_link,ATRI_al,neck-base
10,紧固件,core,head_yaw_link,ATRI_fastener,neck-base-bolt-front
10,紧固件,core,head_yaw_link,ATRI_fastener,neck-base-bolt-rear
10,紧固件,core,head_yaw_link,ATRI_fastener,neck-base-nut-front
10,紧固件,core,head_yaw_link,ATRI_fastener,neck-base-nut-rear
1,外壳,core,head_yaw_link,ATRI_al,neck-cheek-front
1,外壳,core,head_yaw_link,ATRI_al,neck-cheek-rear
10,紧固件,core,head_yaw_link,ATRI_fastener,neck-side-bolt-front
10,紧固件,core,head_yaw_link,ATRI_fastener,neck-side-bolt-rear
10,紧固件,core,head_yaw_link,ATRI_fastener,neck-side-nut-front
10,紧固件,core,head_yaw_link,ATRI_fastener,neck-side-nut-rear
1,外壳,core,head,ATRI_horn,passive-horn-head_pitch
5,腿,leg_left,left_foot,ATRI_horn,passive-horn-left_ankle_pitch
5,腿,leg_left,left_thigh,ATRI_horn,passive-horn-left_hip_pitch
4,髋部双片,hip_dual_left,left_hip_roll_link,ATRI_horn,passive-horn-left_hip_roll
5,腿,leg_left,left_shank,ATRI_horn,passive-horn-left_knee_pitch
5,腿,leg_right,right_foot,ATRI_horn,passive-horn-right_ankle_pitch
5,腿,leg_right,right_thigh,ATRI_horn,passive-horn-right_hip_pitch
4,髋部双片,hip_dual_right,right_hip_roll_link,ATRI_horn,passive-horn-right_hip_roll
5,腿,leg_right,right_shank,ATRI_horn,passive-horn-right_knee_pitch
1,外壳,core,torso,ATRI_horn,passive-horn-trunk_pitch
3,腰部双片,waist_dual,trunk_roll_link,ATRI_horn,passive-horn-trunk_roll
10,紧固件,pelvis,pelvis,ATRI_fastener,pelvis-frame-washer-0
10,紧固件,pelvis,pelvis,ATRI_fastener,pelvis-frame-washer-1
10,紧固件,pelvis,pelvis,ATRI_fastener,pelvis-frame-washer-2
10,紧固件,pelvis,pelvis,ATRI_fastener,pelvis-frame-washer-3
10,紧固件,pelvis,pelvis,ATRI_fastener,pelvis-frame-washer-4
10,紧固件,pelvis,pelvis,ATRI_fastener,pelvis-frame-washer-5
2,骨盆,pelvis,pelvis,ATRI_al,pelvis-open-frame
2,骨盆,pelvis,left_hip_roll_link,ATRI_al,pelvis-output-adapter-left
2,骨盆,pelvis,right_hip_roll_link,ATRI_al,pelvis-output-adapter-right
2,骨盆,pelvis,trunk_roll_link,ATRI_al,pelvis-output-adapter-trunk
10,紧固件,core,head_yaw_link,ATRI_fastener,rear-retainer-screw-head_pitch
10,紧固件,leg_left,left_shank,ATRI_fastener,rear-retainer-screw-left_ankle_pitch
10,紧固件,hip_dual_left,left_hip_roll_link,ATRI_fastener,rear-retainer-screw-left_hip_pitch
10,紧固件,pelvis,pelvis,ATRI_fastener,rear-retainer-screw-left_hip_roll
10,紧固件,leg_left,left_thigh,ATRI_fastener,rear-retainer-screw-left_knee_pitch
10,紧固件,leg_right,right_shank,ATRI_fastener,rear-retainer-screw-right_ankle_pitch
10,紧固件,hip_dual_right,right_hip_roll_link,ATRI_fastener,rear-retainer-screw-right_hip_pitch
10,紧固件,pelvis,pelvis,ATRI_fastener,rear-retainer-screw-right_hip_roll
10,紧固件,leg_right,right_thigh,ATRI_fastener,rear-retainer-screw-right_knee_pitch
10,紧固件,waist_dual,trunk_roll_link,ATRI_fastener,rear-retainer-screw-trunk_pitch
10,紧固件,pelvis,pelvis,ATRI_fastener,rear-retainer-screw-trunk_roll
10,紧固件,core,head_yaw_link,ATRI_fastener,rear-retainer-washer-head_pitch
10,紧固件,leg_left,left_shank,ATRI_fastener,rear-retainer-washer-left_ankle_pitch
10,紧固件,hip_dual_left,left_hip_roll_link,ATRI_fastener,rear-retainer-washer-left_hip_pitch
10,紧固件,pelvis,pelvis,ATRI_fastener,rear-retainer-washer-left_hip_roll
10,紧固件,leg_left,left_thigh,ATRI_fastener,rear-retainer-washer-left_knee_pitch
10,紧固件,leg_right,right_shank,ATRI_fastener,rear-retainer-washer-right_ankle_pitch
10,紧固件,hip_dual_right,right_hip_roll_link,ATRI_fastener,rear-retainer-washer-right_hip_pitch
10,紧固件,pelvis,pelvis,ATRI_fastener,rear-retainer-washer-right_hip_roll
10,紧固件,leg_right,right_thigh,ATRI_fastener,rear-retainer-washer-right_knee_pitch
10,紧固件,waist_dual,trunk_roll_link,ATRI_fastener,rear-retainer-washer-trunk_pitch
10,紧固件,pelvis,pelvis,ATRI_fastener,rear-retainer-washer-trunk_roll
8,电子件,electronics,torso,ATRI_electronics_case,regulator
8,电子件,electronics,torso,ATRI_petg,regulator-lid
10,紧固件,electronics,torso,ATRI_fastener,regulator-lid-bolt-0
10,紧固件,electronics,torso,ATRI_fastener,regulator-lid-bolt-1
10,紧固件,electronics,torso,ATRI_fastener,regulator-lid-nut-0
10,紧固件,electronics,torso,ATRI_fastener,regulator-lid-nut-1
8,电子件,electronics,torso,ATRI_pcb,sbc
10,紧固件,electronics,torso,ATRI_fastener,sbc-beam-bolt-0-30
10,紧固件,electronics,torso,ATRI_fastener,sbc-beam-bolt-0-60
10,紧固件,electronics,torso,ATRI_fastener,sbc-beam-bolt-1-30
10,紧固件,electronics,torso,ATRI_fastener,sbc-beam-bolt-1-60
10,紧固件,electronics,torso,ATRI_fastener,sbc-beam-nut-0-30
10,紧固件,electronics,torso,ATRI_fastener,sbc-beam-nut-0-60
10,紧固件,electronics,torso,ATRI_fastener,sbc-beam-nut-1-30
10,紧固件,electronics,torso,ATRI_fastener,sbc-beam-nut-1-60
10,紧固件,electronics,torso,ATRI_fastener,sbc-board-bolt-0-0
10,紧固件,electronics,torso,ATRI_fastener,sbc-board-bolt-0-1
10,紧固件,electronics,torso,ATRI_fastener,sbc-board-bolt-1-0
10,紧固件,electronics,torso,ATRI_fastener,sbc-board-bolt-1-1
8,电子件,electronics,torso,ATRI_petg,sbc-carrier-0
8,电子件,electronics,torso,ATRI_petg,sbc-carrier-1
10,紧固件,electronics,torso,ATRI_fastener,sbc-carrier-bolt-0-0
10,紧固件,electronics,torso,ATRI_fastener,sbc-carrier-bolt-0-1
10,紧固件,electronics,torso,ATRI_fastener,sbc-carrier-bolt-1-0
10,紧固件,electronics,torso,ATRI_fastener,sbc-carrier-bolt-1-1
8,电子件,electronics,torso,ATRI_electronics_case,sbc-component-000
8,电子件,electronics,torso,ATRI_electronics_case,sbc-component-001
8,电子件,electronics,torso,ATRI_electronics_case,sbc-component-002
8,电子件,electronics,torso,ATRI_electronics_case,sbc-component-003
8,电子件,electronics,torso,ATRI_electronics_case,sbc-component-004
8,电子件,electronics,torso,ATRI_electronics_case,sbc-component-005
8,电子件,electronics,torso,ATRI_electronics_case,sbc-component-006
8,电子件,electronics,torso,ATRI_electronics_case,sbc-component-008
8,电子件,electronics,torso,ATRI_electronics_case,sbc-component-009
8,电子件,electronics,torso,ATRI_electronics_case,sbc-component-010
8,电子件,electronics,torso,ATRI_electronics_case,sbc-component-011
8,电子件,electronics,torso,ATRI_electronics_case,sbc-component-012
8,电子件,electronics,torso,ATRI_electronics_case,sbc-component-013
8,电子件,electronics,torso,ATRI_electronics_case,sbc-component-014
8,电子件,electronics,torso,ATRI_electronics_case,sbc-component-015
8,电子件,electronics,torso,ATRI_electronics_case,sbc-component-016
8,电子件,electronics,torso,ATRI_electronics_case,sbc-component-017
8,电子件,electronics,torso,ATRI_electronics_case,sbc-component-018
8,电子件,electronics,torso,ATRI_electronics_case,sbc-component-019
8,电子件,electronics,torso,ATRI_electronics_case,sbc-component-020
8,电子件,electronics,torso,ATRI_electronics_case,sbc-component-021
8,电子件,electronics,torso,ATRI_electronics_case,sbc-component-022
8,电子件,electronics,torso,ATRI_electronics_case,sbc-component-023
8,电子件,electronics,torso,ATRI_electronics_case,sbc-component-024
8,电子件,electronics,torso,ATRI_electronics_case,sbc-component-025
8,电子件,electronics,torso,ATRI_electronics_case,sbc-component-026
8,电子件,electronics,torso,ATRI_electronics_case,sbc-component-027
8,电子件,electronics,torso,ATRI_electronics_case,sbc-component-028
8,电子件,electronics,torso,ATRI_electronics_case,sbc-component-029
8,电子件,electronics,torso,ATRI_electronics_case,sbc-component-030
8,电子件,electronics,torso,ATRI_electronics_case,sbc-component-031
8,电子件,electronics,torso,ATRI_electronics_case,sbc-component-032
8,电子件,electronics,torso,ATRI_electronics_case,sbc-component-033
8,电子件,electronics,torso,ATRI_electronics_case,sbc-component-034
8,电子件,electronics,torso,ATRI_electronics_case,sbc-component-035
8,电子件,electronics,torso,ATRI_electronics_case,sbc-component-036
8,电子件,electronics,torso,ATRI_electronics_case,sbc-component-037
8,电子件,electronics,torso,ATRI_electronics_case,sbc-component-038
8,电子件,electronics,torso,ATRI_electronics_case,sbc-component-039
8,电子件,electronics,torso,ATRI_electronics_case,sbc-component-040
8,电子件,electronics,torso,ATRI_electronics_case,sbc-component-041
8,电子件,electronics,torso,ATRI_electronics_case,sbc-component-042
8,电子件,electronics,torso,ATRI_electronics_case,sbc-component-043
8,电子件,electronics,torso,ATRI_electronics_case,sbc-component-044
8,电子件,electronics,torso,ATRI_electronics_case,sbc-component-045
8,电子件,electronics,torso,ATRI_electronics_case,sbc-component-046
8,电子件,electronics,torso,ATRI_electronics_case,sbc-component-047
8,电子件,electronics,torso,ATRI_electronics_case,sbc-component-048
8,电子件,electronics,torso,ATRI_electronics_case,sbc-component-049
8,电子件,electronics,torso,ATRI_electronics_case,sbc-component-050
8,电子件,electronics,torso,ATRI_electronics_case,sbc-component-051
8,电子件,electronics,torso,ATRI_electronics_case,sbc-component-052
8,电子件,electronics,torso,ATRI_electronics_case,sbc-component-053
8,电子件,electronics,torso,ATRI_electronics_case,sbc-component-054
8,电子件,electronics,torso,ATRI_electronics_case,sbc-component-055
8,电子件,electronics,torso,ATRI_electronics_case,sbc-component-056
8,电子件,electronics,torso,ATRI_electronics_case,sbc-component-057
8,电子件,electronics,torso,ATRI_electronics_case,sbc-component-058
8,电子件,electronics,torso,ATRI_electronics_case,sbc-component-059
8,电子件,electronics,torso,ATRI_electronics_case,sbc-component-060
8,电子件,electronics,torso,ATRI_electronics_case,sbc-component-061
8,电子件,electronics,torso,ATRI_electronics_case,sbc-component-062
8,电子件,electronics,torso,ATRI_electronics_case,sbc-component-063
8,电子件,electronics,torso,ATRI_electronics_case,sbc-component-064
8,电子件,electronics,torso,ATRI_electronics_case,sbc-component-065
8,电子件,electronics,torso,ATRI_electronics_case,sbc-component-066
8,电子件,electronics,torso,ATRI_electronics_case,sbc-component-067
8,电子件,electronics,torso,ATRI_electronics_case,sbc-component-068
8,电子件,electronics,torso,ATRI_electronics_case,sbc-component-069
8,电子件,electronics,torso,ATRI_electronics_case,sbc-component-070
8,电子件,electronics,torso,ATRI_electronics_case,sbc-component-071
8,电子件,electronics,torso,ATRI_electronics_case,sbc-component-072
8,电子件,electronics,torso,ATRI_electronics_case,sbc-component-073
8,电子件,electronics,torso,ATRI_electronics_case,sbc-component-074
8,电子件,electronics,torso,ATRI_electronics_case,sbc-component-075
8,电子件,electronics,torso,ATRI_electronics_case,sbc-component-076
8,电子件,electronics,torso,ATRI_electronics_case,sbc-component-077
8,电子件,electronics,torso,ATRI_electronics_case,sbc-component-078
10,紧固件,electronics,torso,ATRI_standoff,sbc-post-0-0
10,紧固件,electronics,torso,ATRI_standoff,sbc-post-0-1
10,紧固件,electronics,torso,ATRI_standoff,sbc-post-1-0
10,紧固件,electronics,torso,ATRI_standoff,sbc-post-1-1
10,紧固件,core,head,ATRI_fastener,screw-h-head_pitch-0
10,紧固件,core,head,ATRI_fastener,screw-h-head_pitch-1
10,紧固件,core,head,ATRI_fastener,screw-h-head_pitch-2
10,紧固件,core,head,ATRI_fastener,screw-h-head_pitch-3
10,紧固件,core,head_yaw_link,ATRI_fastener,screw-h-head_yaw-0
10,紧固件,core,head_yaw_link,ATRI_fastener,screw-h-head_yaw-1
10,紧固件,core,head_yaw_link,ATRI_fastener,screw-h-head_yaw-2
10,紧固件,core,head_yaw_link,ATRI_fastener,screw-h-head_yaw-3
1,外壳,core,head_yaw_link,ATRI_servo,servo-head_pitch
1,外壳,core,torso,ATRI_servo,servo-head_yaw
5,腿,leg_left,left_shank,ATRI_servo,servo-left_ankle_pitch
6,手臂,arm_left,left_fore,ATRI_servo,servo-left_elbow_pitch
7,夹爪,gripper_left,left_hand,ATRI_servo,servo-left_gripper
4,髋部双片,hip_dual_left,left_hip_roll_link,ATRI_servo,servo-left_hip_pitch
2,骨盆,pelvis,pelvis,ATRI_servo,servo-left_hip_roll
5,腿,leg_left,left_thigh,ATRI_servo,servo-left_knee_pitch
1,外壳,core,torso,ATRI_servo,servo-left_shoulder_pitch
6,手臂,arm_left,left_upper,ATRI_servo,servo-left_shoulder_roll
5,腿,leg_right,right_shank,ATRI_servo,servo-right_ankle_pitch
6,手臂,arm_right,right_fore,ATRI_servo,servo-right_elbow_pitch
7,夹爪,gripper_right,right_hand,ATRI_servo,servo-right_gripper
4,髋部双片,hip_dual_right,right_hip_roll_link,ATRI_servo,servo-right_hip_pitch
2,骨盆,pelvis,pelvis,ATRI_servo,servo-right_hip_roll
5,腿,leg_right,right_thigh,ATRI_servo,servo-right_knee_pitch
1,外壳,core,torso,ATRI_servo,servo-right_shoulder_pitch
6,手臂,arm_right,right_upper,ATRI_servo,servo-right_shoulder_roll
3,腰部双片,waist_dual,trunk_roll_link,ATRI_servo,servo-trunk_pitch
2,骨盆,pelvis,pelvis,ATRI_servo,servo-trunk_roll
1,外壳,core,head,ATRI_horn,shaft-head_pitch
1,外壳,core,head_yaw_link,ATRI_horn,shaft-head_yaw
5,腿,leg_left,left_foot,ATRI_horn,shaft-left_ankle_pitch
6,手臂,arm_left,left_hand,ATRI_horn,shaft-left_elbow_pitch
7,夹爪,gripper_left,left_grip,ATRI_horn,shaft-left_gripper
5,腿,leg_left,left_thigh,ATRI_horn,shaft-left_hip_pitch
4,髋部双片,hip_dual_left,left_hip_roll_link,ATRI_horn,shaft-left_hip_roll
5,腿,leg_left,left_shank,ATRI_horn,shaft-left_knee_pitch
6,手臂,arm_left,left_upper,ATRI_horn,shaft-left_shoulder_pitch
6,手臂,arm_left,left_fore,ATRI_horn,shaft-left_shoulder_roll
5,腿,leg_right,right_foot,ATRI_horn,shaft-right_ankle_pitch
6,手臂,arm_right,right_hand,ATRI_horn,shaft-right_elbow_pitch
7,夹爪,gripper_right,right_grip,ATRI_horn,shaft-right_gripper
5,腿,leg_right,right_thigh,ATRI_horn,shaft-right_hip_pitch
4,髋部双片,hip_dual_right,right_hip_roll_link,ATRI_horn,shaft-right_hip_roll
5,腿,leg_right,right_shank,ATRI_horn,shaft-right_knee_pitch
6,手臂,arm_right,right_upper,ATRI_horn,shaft-right_shoulder_pitch
6,手臂,arm_right,right_fore,ATRI_horn,shaft-right_shoulder_roll
1,外壳,core,torso,ATRI_horn,shaft-trunk_pitch
3,腰部双片,waist_dual,trunk_roll_link,ATRI_horn,shaft-trunk_roll
1,外壳,shell_front,torso,ATRI_petg,shell-torso-front
10,紧固件,shell_front,torso,ATRI_fastener,shell-torso-front-nut-0
10,紧固件,shell_front,torso,ATRI_fastener,shell-torso-front-nut-1
10,紧固件,shell_front,torso,ATRI_fastener,shell-torso-front-screw-0
10,紧固件,shell_front,torso,ATRI_fastener,shell-torso-front-screw-1
1,外壳,shell_rear,torso,ATRI_petg,shell-torso-rear
10,紧固件,shell_rear,torso,ATRI_fastener,shell-torso-rear-nut-0
10,紧固件,shell_rear,torso,ATRI_fastener,shell-torso-rear-nut-1
10,紧固件,shell_rear,torso,ATRI_fastener,shell-torso-rear-screw-0
10,紧固件,shell_rear,torso,ATRI_fastener,shell-torso-rear-screw-1
1,外壳,core,torso,ATRI_al,torso-beam-0-0
1,外壳,core,torso,ATRI_al,torso-beam-0-1
1,外壳,core,torso,ATRI_al,torso-beam-0-2
1,外壳,core,torso,ATRI_al,torso-beam-0-3
1,外壳,core,torso,ATRI_al,torso-beam-0-4
1,外壳,core,torso,ATRI_al,torso-beam-1-0
1,外壳,core,torso,ATRI_al,torso-beam-1-1
1,外壳,core,torso,ATRI_al,torso-beam-1-2
1,外壳,core,torso,ATRI_al,torso-beam-1-3
1,外壳,core,torso,ATRI_al,torso-beam-1-4
10,紧固件,core,torso,ATRI_fastener,torso-head-bolt-0-0
10,紧固件,core,torso,ATRI_fastener,torso-head-bolt-0-1
10,紧固件,core,torso,ATRI_fastener,torso-head-bolt-1-0
10,紧固件,core,torso,ATRI_fastener,torso-head-bolt-1-1
1,外壳,core,torso,ATRI_al,torso-head-case-front
1,外壳,core,torso,ATRI_al,torso-head-case-rear
10,紧固件,core,torso,ATRI_fastener,torso-head-nut-0-0
10,紧固件,core,torso,ATRI_fastener,torso-head-nut-0-1
10,紧固件,core,torso,ATRI_fastener,torso-head-nut-1-0
10,紧固件,core,torso,ATRI_fastener,torso-head-nut-1-1
1,外壳,core,torso,ATRI_al,torso-head-spacer-0-0
1,外壳,core,torso,ATRI_al,torso-head-spacer-0-1
1,外壳,core,torso,ATRI_al,torso-head-spacer-1-0
1,外壳,core,torso,ATRI_al,torso-head-spacer-1-1
10,紧固件,core,torso,ATRI_fastener,torso-output-bolt-front-0
10,紧固件,core,torso,ATRI_fastener,torso-output-bolt-front-1
10,紧固件,core,torso,ATRI_fastener,torso-output-bolt-front-2
10,紧固件,core,torso,ATRI_fastener,torso-output-bolt-front-3
10,紧固件,core,torso,ATRI_fastener,torso-output-bolt-rear-0
10,紧固件,core,torso,ATRI_fastener,torso-output-bolt-rear-1
10,紧固件,core,torso,ATRI_fastener,torso-output-bolt-rear-2
10,紧固件,core,torso,ATRI_fastener,torso-output-bolt-rear-3
1,外壳,core,torso,ATRI_al,torso-output-front
1,外壳,core,torso,ATRI_al,torso-output-rear
1,外壳,core,torso,ATRI_al,torso-output-spacer-front-0
1,外壳,core,torso,ATRI_al,torso-output-spacer-front-1
1,外壳,core,torso,ATRI_al,torso-output-spacer-front-2
1,外壳,core,torso,ATRI_al,torso-output-spacer-front-3
1,外壳,core,torso,ATRI_al,torso-output-spacer-rear-0
1,外壳,core,torso,ATRI_al,torso-output-spacer-rear-1
1,外壳,core,torso,ATRI_al,torso-output-spacer-rear-2
1,外壳,core,torso,ATRI_al,torso-output-spacer-rear-3
10,紧固件,core,torso,ATRI_fastener,torso-rod-0
10,紧固件,core,torso,ATRI_fastener,torso-rod-1
10,紧固件,core,torso,ATRI_fastener,torso-rod-nut-0-left
10,紧固件,core,torso,ATRI_fastener,torso-rod-nut-0-right
10,紧固件,core,torso,ATRI_fastener,torso-rod-nut-1-left
10,紧固件,core,torso,ATRI_fastener,torso-rod-nut-1-right
11,传感器,sensor,head,ATRI_sensor,vl53l1x
10,紧固件,waist_dual,trunk_roll_link,ATRI_fastener,waist-dual-clamp-replacement-bolt
10,紧固件,waist_dual,trunk_roll_link,ATRI_fastener,waist-dual-clamp-replacement-nut
3,腰部双片,waist_dual,trunk_roll_link,ATRI_al,waist-dual-clamp-spacer-0
3,腰部双片,waist_dual,trunk_roll_link,ATRI_al,waist-dual-clamp-spacer-1
3,腰部双片,waist_dual,trunk_roll_link,ATRI_al,waist-dual-clamp-spacer-2
10,紧固件,waist_dual,trunk_roll_link,ATRI_fastener,waist-dual-pcd-screw--4.95--4.95
10,紧固件,waist_dual,trunk_roll_link,ATRI_fastener,waist-dual-pcd-screw--4.95-4.95
10,紧固件,waist_dual,trunk_roll_link,ATRI_fastener,waist-dual-pcd-screw-4.95--4.95
10,紧固件,waist_dual,trunk_roll_link,ATRI_fastener,waist-dual-pcd-screw-4.95-4.95
3,腰部双片,waist_dual,trunk_roll_link,ATRI_al,waist-dual-pcd-spacer--4.95--4.95-0
3,腰部双片,waist_dual,trunk_roll_link,ATRI_al,waist-dual-pcd-spacer--4.95--4.95-1
3,腰部双片,waist_dual,trunk_roll_link,ATRI_al,waist-dual-pcd-spacer--4.95-4.95-0
3,腰部双片,waist_dual,trunk_roll_link,ATRI_al,waist-dual-pcd-spacer--4.95-4.95-1
3,腰部双片,waist_dual,trunk_roll_link,ATRI_al,waist-dual-pcd-spacer-4.95--4.95-0
3,腰部双片,waist_dual,trunk_roll_link,ATRI_al,waist-dual-pcd-spacer-4.95--4.95-1
3,腰部双片,waist_dual,trunk_roll_link,ATRI_al,waist-dual-pcd-spacer-4.95-4.95-0
3,腰部双片,waist_dual,trunk_roll_link,ATRI_al,waist-dual-pcd-spacer-4.95-4.95-1
10,紧固件,waist_dual,trunk_roll_link,ATRI_fastener,waist-dual-pcd-washer--4.95--4.95
10,紧固件,waist_dual,trunk_roll_link,ATRI_fastener,waist-dual-pcd-washer--4.95-4.95
10,紧固件,waist_dual,trunk_roll_link,ATRI_fastener,waist-dual-pcd-washer-4.95--4.95
10,紧固件,waist_dual,trunk_roll_link,ATRI_fastener,waist-dual-pcd-washer-4.95-4.95
3,腰部双片,waist_dual,trunk_roll_link,ATRI_al,waist-dual-rear-angle
